section,detector,item,n,TP,TN,FP,FN,accuracy,precision,recall,f1,false_positive_rate,false_negative_rate
binary_window_level,machine_learning,accident_vs_non_accident,800.0,400.0,400.0,0.0,0.0,1.0,1.0,1.0,1.0,0.0,0.0
binary_window_level,threshold,accident_vs_non_accident,800.0,206.0,387.0,13.0,194.0,0.74125,0.9406392694063926,0.515,0.6655896607431341,0.0325,0.485
binary_recording_level,machine_learning,accident_vs_non_accident,160.0,80.0,80.0,0.0,0.0,1.0,1.0,1.0,1.0,0.0,0.0
binary_recording_level,threshold,accident_vs_non_accident,160.0,80.0,67.0,13.0,0.0,0.91875,0.8602150537634409,1.0,0.9248554913294798,0.1625,0.0
eight_class_per_class,machine_learning,Hard Braking,100.0,,,,,,0.9900990099009901,1.0,0.9950248756218906,,
eight_class_per_class,machine_learning,Minor Accident,100.0,,,,,,0.9292929292929293,0.92,0.9246231155778895,,
eight_class_per_class,machine_learning,Multi-Impact Collision,100.0,,,,,,0.8888888888888888,0.88,0.8844221105527639,,
eight_class_per_class,machine_learning,Normal Driving,100.0,,,,,,0.5170068027210885,0.76,0.6153846153846154,,
eight_class_per_class,machine_learning,Pothole,100.0,,,,,,0.6031746031746031,0.38,0.4662576687116564,,
eight_class_per_class,machine_learning,Rollover,100.0,,,,,,0.9056603773584906,0.96,0.9320388349514563,,
eight_class_per_class,machine_learning,Severe Accident,100.0,,,,,,0.96875,0.93,0.9489795918367347,,
eight_class_per_class,machine_learning,Sharp Turn,100.0,,,,,,0.8651685393258427,0.77,0.8148148148148148,,
eight_class_overall,machine_learning,accuracy/macro_f1,,,,,,0.825,,,0.8226932034314778,,
eight_class_per_class,threshold,Hard Braking,100.0,,,,,,0.9814814814814815,0.53,0.6883116883116883,,
eight_class_per_class,threshold,Minor Accident,100.0,,,,,,0.2361111111111111,0.34,0.2786885245901639,,
eight_class_per_class,threshold,Multi-Impact Collision,100.0,,,,,,0.0,0.0,0.0,,
eight_class_per_class,threshold,Normal Driving,100.0,,,,,,0.42857142857142855,0.99,0.5981873111782477,,
eight_class_per_class,threshold,Pothole,100.0,,,,,,0.8484848484848485,0.28,0.42105263157894735,,
eight_class_per_class,threshold,Rollover,100.0,,,,,,1.0,0.35,0.5185185185185185,,
eight_class_per_class,threshold,Severe Accident,100.0,,,,,,0.675,0.27,0.38571428571428573,,
eight_class_per_class,threshold,Sharp Turn,100.0,,,,,,0.24714828897338403,0.65,0.3581267217630854,,
eight_class_overall,threshold,accuracy/macro_f1,,,,,,0.42625,,,0.4060749602068671,,
