timestamp,accel_x_g,accel_y_g,accel_z_g,gyro_x_dps,gyro_y_dps,gyro_z_dps,vibration_level,speed_kmh,scenario
2026-09-22 22:37:32.713873,0.124,0.056,0.974,9.022,-0.638,5.26,0.83,60.722,Severe Accident
2026-09-22 22:37:32.813873,-0.13,-0.135,1.249,-0.955,7.556,-4.99,0.609,60.177,Severe Accident
2026-09-22 22:37:32.913873,-0.099,-0.13,1.003,3.599,-7.256,-1.92,0.642,60.547,Severe Accident
2026-09-22 22:37:33.013873,-0.046,0.169,1.035,-6.466,-0.06,1.251,0.983,60.272,Severe Accident
2026-09-22 22:37:33.113873,-0.202,-0.178,0.811,-4.782,-6.262,9.978,0.906,61.673,Severe Accident
2026-09-22 22:37:33.213873,-0.123,0.246,0.908,2.362,1.818,15.55,0.431,61.34,Severe Accident
2026-09-22 22:37:33.313873,-0.071,-0.135,0.944,7.421,4.434,3.034,0.485,61.3,Severe Accident
2026-09-22 22:37:33.413873,0.131,0.096,0.952,1.778,-2.104,-0.916,0.372,60.83,Severe Accident
2026-09-22 22:37:33.513873,0.039,-0.049,1.192,-1.565,-13.021,2.673,1.188,60.811,Severe Accident
2026-09-22 22:37:33.613873,0.029,0.09,1.084,-0.004,0.995,4.438,0.504,61.148,Severe Accident
2026-09-22 22:37:33.713873,0.128,-0.082,0.833,-6.252,2.184,-1.603,0.815,60.819,Severe Accident
2026-09-22 22:37:33.813873,-0.021,-0.024,1.037,3.023,2.021,8.976,0.976,61.538,Severe Accident
2026-09-22 22:37:33.913873,0.059,0.006,1.075,4.412,6.179,1.15,1.061,61.123,Severe Accident
2026-09-22 22:37:34.013873,-0.015,-0.15,1.171,-2.26,-5.355,2.489,0.856,60.917,Severe Accident
2026-09-22 22:37:34.113873,0.04,0.111,1.237,-2.35,3.401,3.33,0.615,61.018,Severe Accident
2026-09-22 22:37:34.213873,-0.087,-0.077,0.848,1.33,5.963,2.108,1.067,60.271,Severe Accident
2026-09-22 22:37:34.313873,-0.366,-0.034,0.879,-2.178,-8.888,4.201,0.568,60.55,Severe Accident
2026-09-22 22:37:34.413873,-0.024,-0.148,0.813,-0.28,1.639,-3.036,1.157,60.337,Severe Accident
2026-09-22 22:37:34.513873,0.195,-0.37,0.984,10.827,-2.258,-2.463,0.878,60.377,Severe Accident
2026-09-22 22:37:34.613873,0.025,0.024,1.145,0.431,0.925,-3.834,1.018,61.282,Severe Accident
2026-09-22 22:37:34.713873,-0.248,0.628,1.502,4.799,7.011,8.788,0.773,60.899,Severe Accident
2026-09-22 22:37:34.813873,-0.995,0.967,2.109,17.063,13.804,24.195,1.792,60.68,Severe Accident
2026-09-22 22:37:34.913873,-2.467,2.387,3.991,52.419,35.58,50.987,3.302,58.634,Severe Accident
2026-09-22 22:37:35.013873,-6.223,2.806,5.081,90.073,72.954,99.352,6.01,55.053,Severe Accident
2026-09-22 22:37:35.113873,-10.7,2.634,5.27,129.128,100.463,132.347,8.801,47.643,Severe Accident
2026-09-22 22:37:35.213873,-8.864,6.266,9.497,156.607,114.571,153.344,10.024,30.514,Severe Accident
2026-09-22 22:37:35.313873,-6.261,6.707,9.408,139.473,109.296,126.916,8.422,14.461,Severe Accident
2026-09-22 22:37:35.413873,-4.527,4.558,6.631,87.977,67.04,89.044,6.422,5.053,Severe Accident
2026-09-22 22:37:35.513873,-2.875,2.123,3.969,39.365,42.29,52.176,3.429,2.72,Severe Accident
2026-09-22 22:37:35.613873,-1.352,0.853,2.017,25.338,18.553,24.546,1.648,0.824,Severe Accident
2026-09-22 22:37:35.713873,-0.36,0.365,1.358,3.167,-3.357,5.121,1.177,0.713,Severe Accident
2026-09-22 22:37:35.813873,-0.021,0.059,1.024,5.619,-2.055,1.308,0.879,1.064,Severe Accident
2026-09-22 22:37:35.913873,-0.235,0.115,0.991,-9.522,6.233,-7.261,0.492,0.037,Severe Accident
2026-09-22 22:37:36.013873,-0.347,0.091,1.209,4.513,-4.866,-1.735,0.327,0.178,Severe Accident
2026-09-22 22:37:36.113873,-0.083,-0.053,0.669,-6.05,-2.317,4.458,0.317,0.227,Severe Accident
2026-09-22 22:37:36.213873,-0.183,-0.086,1.23,3.654,2.311,2.877,0.679,0.37,Severe Accident
2026-09-22 22:37:36.313873,-0.076,0.015,0.786,0.071,3.917,2.503,0.415,0.132,Severe Accident
2026-09-22 22:37:36.413873,-0.022,0.232,0.96,-4.77,-1.258,0.249,0.762,0.826,Severe Accident
2026-09-22 22:37:36.513873,-0.068,-0.186,0.936,-2.035,-2.988,0.035,0.745,0.437,Severe Accident
2026-09-22 22:37:36.613873,0.218,-0.22,1.088,3.432,7.112,-3.302,0.818,1.607,Severe Accident
2026-09-22 22:37:36.713873,0.049,0.025,0.76,0.529,8.694,3.494,1.223,1.75,Severe Accident
2026-09-22 22:37:36.813873,0.045,0.008,1.069,2.922,4.894,2.105,0.765,1.381,Severe Accident
2026-09-22 22:37:36.913873,0.093,0.026,1.304,9.882,0.427,2.46,1.048,1.292,Severe Accident
2026-09-22 22:37:37.013873,-0.171,0.037,0.796,-7.821,-4.041,-2.63,0.625,0.69,Severe Accident
2026-09-22 22:37:37.113873,0.156,-0.033,1.028,8.086,-4.152,-10.767,0.342,0.503,Severe Accident
2026-09-22 22:37:37.213873,-0.011,0.223,0.901,0.522,2.613,5.486,1.025,0.263,Severe Accident
2026-09-22 22:37:37.313873,0.101,-0.24,1.064,-4.494,2.092,-2.394,0.761,0.294,Severe Accident
2026-09-22 22:37:37.413873,-0.161,-0.124,1.003,-6.652,7.008,-4.314,0.802,0.234,Severe Accident
2026-09-22 22:37:37.513873,-0.233,-0.015,0.904,-0.946,3.252,3.467,0.404,0.784,Severe Accident
2026-09-22 22:37:37.613873,0.123,-0.246,1.073,4.608,-7.515,-1.96,0.335,0.691,Severe Accident
